"ID","longitude","latitude","altitude","mean.tps.age.2d","sd.tps.age.2d","lower.95.tps.2d","upper.95.tps.2d","mean.tps.age.3d","sd.tps.age.3d","lower.95.tps.3d","upper.95.tps.3d"
11,893.83754,-417.067548,183,15300.5605368816,302.357206794824,14735.8464480873,15893.1027093011,14326.0710734216,226.996056097274,13914.0351348943,14778.4053533861
16,843.373316,239.708818,176.4,11166.7798849259,146.240289849518,10887.9528197878,11425.2262892962,11458.2910443671,94.5930981341897,11280.7313529539,11620.1293394997
17,38.344058,-59.458932,168,14442.6444093190,383.902416749352,13703.8738096732,15194.3076385730,13143.2359686387,180.631077914844,12803.1259333676,13500.6766897689
20,1651.117188,853.401214,68.4,11242.857499587,225.642784328209,10821.2883128601,11664.1522150877,11218.7346520962,91.36493463857,11046.2643911125,11403.4635412961
21,1208.778691,740.998791,193.8,10988.1487924962,179.021497651671,10647.6969364688,11328.0040998690,10342.5435440538,103.952480775900,10146.6810210795,10547.7032741853
24,1683.545074,546.776037,45.6,12064.3815034431,177.691844237699,11746.7555823361,12405.1376902983,11809.1654297866,90.7854953950703,11635.9236295127,11979.1480121368
27,1348.41865,636.967747,100.2,11763.5867275540,149.248514516570,11465.490759182,12044.3112646658,11555.4213569104,95.5802848464422,11378.5465498151,11719.5701631585
28,1151.990583,952.825122,175.2,9848.85070869664,259.7648363032,9373.87019080037,10345.0823136483,9859.22446918422,121.404067483593,9616.73664963884,10093.8844528407
31,1230.215535,867.223736,183,10458.3758814868,222.040664974597,10042.3420269533,10873.8879617790,10092.7085616621,113.816721267669,9876.9854661288,10321.7201136297
33,1153.765293,224.467461,201,11176.0376082198,163.381869135472,10843.9220948650,11481.0835657832,11675.8702023825,87.0898339026493,11507.7899613615,11843.2150110836
35,1126.237601,942.444699,182.4,9825.07475485749,258.826987691305,9348.3586055971,10321.0507476600,9805.66038033432,122.562888562509,9561.99377652695,10045.3159130284
40,1394.358163,399.065989,298.2,11772.4077801270,105.15936916105,11578.7633580172,11963.3193007591,10766.6201631664,159.056580228608,10458.7489694274,11063.9208986835
42,1735.958914,503.899135,360,12040.4802690858,189.593062451959,11700.7148733659,12392.9317913051,10083.7233727352,246.593270191533,9614.3800934846,10531.6406053240
48,1672.304899,356.801929,153.6,11610.0152621220,113.768280309086,11400.4122686088,11812.8602563491,11737.9322026989,88.4559676696412,11572.2638702490,11905.9756180286
50,1820.294669,530.128411,214.8,12043.2430381963,209.553351277846,11655.0363104768,12451.1492695654,11201.7607043930,138.946824113674,10956.6956186295,11442.4007516099
52,2053.902154,812.646991,18,11588.1818468782,175.796863301105,11290.5584403169,11893.7020658355,11761.9676855134,143.143194638375,11504.3784400515,12009.5725241813
56,1849.914973,481.388918,128.4,12023.1072907688,213.346047290663,11638.2470171641,12433.3801170842,11507.3829677836,83.067055866097,11349.4135803930,11670.3261744014
57,469.106623,379.336355,201,10702.0600796330,89.232542641231,10539.2724694366,10864.3036755929,10582.4299075451,73.1983177850238,10443.4169285508,10717.9069980910
60,59.523667,848.788087,274.2,9417.68311953795,234.257881595042,9026.78487286444,9812.73717925857,9943.5003411956,168.624553240568,9628.65152550779,10240.5035440755
61,1035.881572,319.663909,126.6,11196.8252764674,126.931692228765,10932.9741236711,11427.1515219919,11819.4420016396,80.4129701664381,11658.9294194749,11966.7709533054
62,217.795035,-219.435835,126,14996.5373190236,375.683754779319,14272.1874446875,15767.7113152518,14096.1306441175,223.188306792365,13696.3932712712,14529.482677566
70,1595.859405,642.84141,360,11957.6857451789,177.052105715506,11632.8072432848,12306.4880555196,9659.84021744318,239.659333643548,9192.3629736225,10100.0518652938
72,2189.424737,851.709651,9,11577.3584995487,173.279740686439,11284.2687441688,11864.1707814925,11746.4236072628,183.06004249656,11443.1088273984,12062.4657511646
77,1347.749936,-100.673521,372,11680.4505645451,326.511683626816,11151.6218643812,12233.0873112159,11661.4020577978,327.184746831596,11135.0113715751,12211.9400532642
80,1034.042907,165.455065,190.8,11206.9073748888,180.001447643789,10851.6391719612,11539.3071841739,11818.8515338208,91.3705848775083,11638.0376816118,11990.0339975786
84,1368.705227,495.924637,108,12058.1045270077,124.22193341668,11840.8600408371,12266.2501285563,11993.2849663900,111.859975222444,11800.2558048369,12173.5388995154
90,1599.911095,891.861147,156.6,11020.4617370159,228.770381964916,10589.1593773983,11450.6813113941,10451.2101561430,112.284045157764,10239.3688066887,10667.4904925291
92,574.693523,811.769957,329.4,8755.13716649404,292.715881219154,8219.10787714528,9295.9025097075,9352.01868919649,180.450440695386,8985.9626819413,9678.40804388992
95,579.86143,831.950749,156,8700.81389697305,302.408091148037,8151.37939338877,9259.93356326052,9865.85617757944,103.263939304960,9659.05948650884,10057.4139751317
100,1960.403119,984.508101,22.2,10974.7776385457,142.735507597417,10709.9627895491,11236.9500469799,11339.5887492927,119.36952793073,11107.8950087111,11576.5845242017
102,904.645682,79.634245,183,11513.2576442453,204.087855007707,11116.2164078772,11890.2831958977,12102.1542938359,108.751503247665,11891.1962005861,12304.6468263702
103,1643.029837,981.638222,132,10647.6857218328,238.155995326539,10199.9889158830,11092.5703544333,10397.2130739158,121.073777328824,10176.4654731210,10623.5854783291
104,206.355652,642.327522,165,9576.1472747679,132.039089233861,9327.40215700306,9822.68943848165,10160.9572297999,85.1609265387373,10005.8566055212,10320.1382049891
114,972.952508,434.522841,162,11054.1182126193,113.175430900520,10824.6174371302,11250.2891071259,11140.5144138503,71.131025094259,10995.8391125769,11277.0331164089
117,608.335554,104.329646,131.4,11864.0643927133,200.384705020682,11498.5785788584,12231.7087092139,12330.0195307756,132.217841849936,12087.8057587069,12585.3679670367
119,202.579834,374.867293,224.4,11183.2643670797,137.514291165827,10920.1371809018,11450.3737385499,10828.3182464632,77.3794675281043,10677.0661742030,10979.858236153
121,1493.003797,-593.370673,6,17484.3435538298,412.672505150214,16796.9439144144,18164.4963920384,17477.5806345270,411.082482985316,16789.3679385233,18156.0200357065
125,212.538929,241.555237,197.4,11961.7218361304,197.324805574363,11577.9739666179,12352.5428027647,11401.5848474429,93.5579260891676,11223.8905085608,11589.6006216748
130,2010.475712,1043.688505,82.2,10729.7062845628,170.236447807551,10445.1969720651,11020.9016557961,10714.8580107086,171.275631955855,10442.2404790131,11006.9809368525
136,1339.349022,611.153306,102,11831.0568403253,143.650032637914,11552.7254048124,12094.6530367497,11630.8747606428,98.3642608527575,11451.2514826342,11796.3739114704
140,1215.195939,513.203639,160.8,11698.5980039026,131.173353291583,11452.2966928481,11918.9275337622,11287.8686457685,82.4876951087607,11127.8353652942,11435.1362412040
141,1215.052805,512.912589,166.8,11698.3252903064,131.139560372460,11452.2823604427,11918.6555473062,11228.5889788295,81.8689283493393,11068.0394719465,11379.5503178248
145,1474.417033,139.999383,174,11020.3877977488,203.412037449331,10618.95706865,11417.3643501986,12229.4728731892,98.339215722399,12046.0262938503,12420.3248961874
147,486.651656,755.23946,311.4,8812.28362548878,265.955029779089,8310.80617570586,9301.6566378498,9545.73280131794,164.323304771883,9214.71628381389,9849.21902976937
150,591.929384,287.786121,163.8,11075.1365793281,134.674905156149,10854.6420231378,11296.1223193615,11091.1088653430,133.226765419819,10872.856981721,11305.4135995283
153,413.14534,-365.991768,146.4,15672.4489869148,369.590048923812,14966.9905056457,16416.1875941239,14503.0870112683,238.660505375936,14078.5298976819,14957.0466563306
157,1410.420841,432.097217,343.2,11909.5684386553,103.751211280826,11718.9593963853,12085.2595626072,10355.0986996849,209.142807976519,9959.46419827202,10734.4894797945
160,1402.780432,493.956016,118.8,12076.1866787450,118.929960570010,11863.3616201018,12277.3147002421,11921.3865418245,107.155472201790,11737.2481451372,12094.9787167856
162,1188.218993,480.083113,156,11622.9167557311,127.205752545624,11377.2217935567,11835.9562155541,11382.7315486721,80.407359053013,11230.2085917672,11524.4970164170
168,830.197856,462.385184,160.8,10674.6897961458,110.092334857525,10456.1563942019,10876.728410973,10873.3780137782,69.8023187945129,10731.3496474047,11004.9015697358
172,477.191546,420.610073,176.4,10481.8535547726,99.3671827094898,10319.3941854652,10647.8310678344,10493.6652391887,99.8470482129246,10332.1739273172,10657.3454959506
177,515.440595,481.274435,146.4,10163.3899477406,112.923409293767,9960.41057521584,10366.9842102358,10678.5762173486,70.4117805830952,10540.2032955133,10810.6420464130
178,1340.319442,483.94712,143.4,12002.0952993158,124.909458111089,11781.1400359665,12209.0001449763,11647.3341942833,90.2768666820174,11482.7586422496,11803.5458254688
198,484.210426,465.233252,162,10240.5954667246,107.317338659406,10054.4858085057,10423.9413363891,10515.7446491412,75.7755937479071,10376.5736619278,10652.0550413521
199,1029.211443,298.668979,100.8,11184.2618292058,131.666391543965,10909.5383095671,11427.6326956036,12082.2966036071,90.7055378381164,11894.8668410156,12254.8033887378
203,1152.401148,230.79479,193.2,11183.0397759197,160.763111760206,10855.7528771484,11482.8675982009,11696.9275479802,84.11112102471,11532.8270162215,11861.1931887961
209,1216.867385,746.024701,199.8,10989.3164303126,180.340279171850,10648.3583533875,11330.7494004559,10286.5402791105,107.124198115484,10083.7130701445,10497.4379495816
218,955.67651,337.564449,162.6,11099.9964155315,118.700904663344,10848.5430667982,11308.2704255800,11371.6782995584,76.5735197940883,11220.9764272871,11511.4155931175
223,1906.782211,383.724264,16.8,11921.6406453189,202.908495772397,11555.6786709242,12292.7173371692,12479.8511267058,129.047451744674,12237.3832319632,12731.7141484841
224,997.631533,77.488189,192,11391.0545582262,213.984790971087,10981.8470905079,11777.8896663524,12111.6882168105,105.518976125096,11906.4764000467,12314.8577093663
227,621.962462,505.553041,126.6,10141.6708357339,123.171731651611,9904.9572341896,10375.5625838231,10938.7000335667,74.8518427598054,10790.9378252217,11081.2743364913
235,1590.114519,893.752968,219,11000.5588879574,229.003148221588,10569.0905078952,11431.1259073212,9947.31958533744,142.821031037395,9673.76775717116,10227.9365632249
237,1564.614081,881.71277,283.8,11026.4620266201,226.830628903958,10596.9922294555,11453.4862733805,9484.72759860878,184.363607289621,9120.7324727277,9831.46958263057
246,484.911196,751.647821,313.2,8824.1217854555,263.591741090388,8326.68199665684,9310.04184426544,9560.0702360548,164.613623107079,9229.07533329252,9862.18652348734
250,1953.050255,865.424247,53.4,11404.5276844918,189.794179106541,11052.6296473313,11737.8271034732,11450.6411223559,109.945003977615,11256.8107263422,11644.7135946546
252,1369.729389,747.534452,228.6,11354.3841785379,181.052531399317,11013.1359355816,11714.1752689110,10194.2560827739,126.374626633527,9943.07659585047,10441.8088908383
256,806.789532,623.27397,183,10088.7155878489,169.350577190223,9768.07782929236,10413.8541216981,10246.5704915202,81.1529363172222,10092.8587755300,10411.7602790625
270,1401.715066,-111.388081,281.4,11786.1952936946,318.784167494754,11265.1710959132,12330.4347590203,12418.8629500721,201.970838065881,12053.5885428349,12793.2098523378
272,1184.639689,479.887822,180.6,11612.5804182503,127.092877665857,11367.6478633118,11825.3405986780,11150.3571040306,79.8288800191724,10994.9707434168,11297.7868856815
273,480.98881,421.544662,228.6,10476.0376272705,99.7114169702378,10313.1211784799,10641.3732941470,10423.3478104550,77.0967043091148,10272.5820504437,10575.4259271873
285,1708.401628,240.399319,9,11258.5167920659,137.925106055821,11003.0333542189,11495.1454378327,12954.4351476278,149.931375778602,12676.0378958822,13234.3749541394
290,1440.067278,681.443583,115.2,11742.4015073604,165.794180364451,11407.9919108182,12063.4303145625,11349.2281079408,90.6013816716904,11176.6344873117,11510.8554313242
291,1363.984194,495.243899,113.4,12052.4099572450,124.67513038229,11834.9198311562,12260.6085862554,12046.5339063560,119.009330061037,11842.0227298164,12238.1075548944
297,1330.646654,422.102021,256.8,11820.9537547513,116.665219846748,11600.9820013047,12026.9058630465,10952.4487699685,123.354235446696,10716.419700874,11183.1951757635
305,1714.260775,413.376606,44.4,11874.8999865563,167.926032764224,11588.3566882153,12179.8175675779,11929.4300781285,102.450326087365,11740.5340582886,12125.7757449361
310,1407.897511,670.824542,100.2,11739.4997467237,160.281943176743,11417.9423066124,12045.4901965560,11455.7729306085,91.0743083188054,11282.5377341947,11613.9186996398
312,168.436952,844.983495,286.8,8795.83549535956,293.1307010019,8302.94310972149,9306.1101820224,9684.57888638092,170.713265899273,9373.85088625228,9980.920685919
315,55.365415,850.365162,268.2,9448.39018425256,231.853348279067,9060.2302525397,9839.77270201793,9870.50257157715,174.035570380953,9546.00408092686,10176.9323158502
322,1010.499602,940.257064,258,9503.33198969116,273.793963158098,9006.0467637215,10039.4025291269,9211.18364537318,159.091736089766,8893.06529291096,9511.56299642595
323,857.083889,-255.797962,157.2,13728.0521949920,271.283831897129,13206.1345586297,14260.3410959742,13801.4176276782,187.555394703002,13462.2513615282,14158.6712581439
330,178.381433,269.016614,190.2,11902.7595687218,196.929149493549,11522.8333160632,12295.3270808747,11350.2139264010,91.6177919169994,11174.3803356481,11536.6071105874
338,416.579201,638.566278,282,9289.48525484005,175.495414963668,8949.00603132876,9620.20448059591,9840.85388087232,136.919341998932,9581.86523840723,10088.7964980357
339,416.579201,638.566278,282,9289.48525484005,175.495414963668,8949.00603132876,9620.20448059591,9840.85388087232,136.919341998932,9581.86523840723,10088.7964980357
340,611.443341,526.951772,156.6,10029.4916422141,131.867012869025,9772.42212319383,10277.5056494718,10497.4118702807,68.830640064685,10360.2146646406,10629.3964980251
349,162.374889,500.374951,186.6,10543.5833272078,107.709551569857,10351.0949031131,10743.8560161964,10394.7026162511,83.9407233829164,10250.2831607943,10539.5605749836
351,214.317135,567.056794,171.6,9963.7295334781,95.9658320416404,9792.45665255038,10132.3296710689,10222.8295411006,84.2276911904897,10080.2288090696,10366.4663840336
354,243.327111,798.190619,231.6,8713.18666757253,282.891036415723,8217.68538129625,9217.53806692587,9297.89735108213,178.202909729812,9000.79370773785,9596.8319532647
357,299.031878,874.811663,291,8432.48576574054,333.551447031484,7849.02827264197,9030.49543862044,9379.00792164711,176.237119773807,9058.40648777241,9682.59780495093
362,2208.933747,855.219404,36,11575.7456548503,193.287359513357,11253.4744015640,11896.5096321660,11574.6935805884,195.143882868226,11256.9513314628,11897.7943200280
364,855.393831,714.370606,129.6,9899.29450605531,205.283864533036,9517.18185139175,10292.8735745266,10620.6753291146,85.8379892444162,10452.3562739622,10784.3284928064
368,170.226741,642.994119,174.6,9711.00829476021,121.315695473023,9482.965717574,9937.91547577593,10108.5355940584,87.8559593399009,9946.945889235,10272.1326795381
383,442.498099,752.606934,292.8,8777.9147157162,264.874496653455,8274.7098102582,9264.98801740209,9532.5693041833,159.086819535914,9223.51594630592,9825.31145766332
384,1094.969357,895.201225,199.8,9944.98553237982,244.900314533686,9497.32851241244,10417.6052214036,9761.23043164089,123.527650441816,9521.4088992109,10006.4404083971
395,235.179732,600.5461,154.8,9714.90257151761,111.392963764888,9498.19032046687,9923.56494687516,10340.4492970093,81.1102497972255,10191.1404217931,10494.4589238801
396,486.999517,952.374979,180.6,8288.52198240515,359.213907643958,7655.99649569646,8949.95401955103,9406.31281109724,134.737770959545,9145.17144205028,9653.68643730261
398,550.898196,351.551151,181.2,10807.4622281285,93.4312295564097,10635.4275570764,10981.4663374343,10749.1744883740,82.9517108108007,10594.6967783736,10902.1979554175
400,171.112339,862.488985,234.6,8757.70451847148,301.546659711774,8253.82828330798,9281.11362467232,9227.42129804044,198.960119662357,8898.12530859322,9556.95062915268
407,343.697933,953.673391,277.2,8294.27286758603,359.827955322114,7676.88632621988,8931.02379646148,9109.78001494264,185.005278407523,8777.33379163531,9428.21158019205
412,1313.731467,494.095588,65.4,11961.0790869485,128.178398504555,11734.8586755867,12171.9523984224,11914.1938178746,93.709225396305,11730.9022544650,12084.3657512579
415,1609.740795,230.329003,115.2,11114.9632952064,160.035213307333,10812.0031226121,11401.1235109633,11882.4778421258,95.28028492903,11706.6668683431,12053.4103989979
423,1322.08686,664.014767,145.2,11609.7968763864,155.471966377219,11303.1772945058,11900.3018927302,11126.3994271945,92.3088769076466,10948.7597457080,11297.4016969725
425,1322.08686,664.014767,145.2,11609.7968763864,155.471966377219,11303.1772945058,11900.3018927302,11126.3994271945,92.3088769076466,10948.7597457080,11297.4016969725
438,1166.300549,475.471964,180,11558.8679150556,126.138451243666,11313.9023522095,11770.466671118,11144.1901790949,78.7020012510583,10990.5252877905,11290.9963118997
444,1637.606707,993.976186,138,10582.0262836895,241.026989778812,10130.2771063658,11026.1755606752,10310.5658076833,124.241752151427,10082.9604067760,10543.9463996540
445,1649.324653,1004.350371,162,10546.0908646584,241.677432472056,10094.3954670816,10988.1926047544,10087.5058450537,132.42418044073,9849.8680709156,10347.5362094054
446,2171.406773,972.122829,30,11236.6901874313,176.330144359098,10899.7899854496,11591.4326831210,11356.0043688219,152.003478520685,11078.2447240578,11633.6908698287
461,503.334581,383.609947,154.2,10665.6464819711,89.5803233306596,10509.2364374436,10828.7452907837,10863.3815105218,80.8478539878768,10703.5111266523,11016.4504954817
470,70.643844,855.580183,257.4,9320.23160884212,245.448902183482,8909.14287007854,9733.50796105404,9568.47301787623,196.175180103708,9229.5675333281,9902.44787392649
472,1945.087858,490.589427,24,12041.1087418473,222.257936371481,11636.1219722858,12460.8927656252,12196.7493836654,118.627348808076,11968.4518855204,12428.2538438423
474,1945.087858,490.589427,24,12041.1087418473,222.257936371481,11636.1219722858,12460.8927656252,12196.7493836654,118.627348808076,11968.4518855204,12428.2538438423
475,1757.624458,426.075678,216,11926.4095296270,188.556876582099,11598.5260873231,12269.9728914336,11542.4094798768,147.555842850877,11297.6967942857,11784.5879686578
478,-155.028011,811.845331,266.4,11545.0048668810,205.559930359942,11192.0552846111,11886.185946389,11503.0504172956,191.632228976594,11181.0421471464,11818.4092498990
492,2052.464926,851.837778,62.4,11496.3061979309,156.903471754509,11225.3019203052,11754.0055322265,11467.1792926287,160.223165730898,11208.7544830059,11729.7903108464
494,39.403017,-55.327141,168,14411.2616398869,382.091330394714,13675.4750992397,15160.1315057872,13123.5262512136,179.609932796331,12784.8271569377,13478.5604628149
496,184.278399,945.398369,235.8,8658.21946337581,325.507982484278,8111.19623807412,9217.86426492017,9199.33381253196,190.118697636207,8874.63054246598,9519.64419214842
502,967.024623,126.544555,183,11315.7508735921,190.938581870225,10940.6132651136,11672.2380853638,11954.6661105345,98.7714459853341,11763.1482654056,12140.1830358645
504,1345.109139,425.158011,262.8,11846.9290337672,114.901902505505,11633.1402775493,12049.8490997238,10914.5029557177,128.160020985622,10668.4422748331,11155.5168618941
505,1042.169813,859.546311,228,9938.14499032915,238.165845123333,9507.53462151379,10395.7221439464,9604.70591891765,132.817252795131,9344.54623513822,9863.97485288691
508,1751.719363,526.020445,351.6,12050.4485868626,195.354547322974,11695.3996968685,12412.7250311083,10086.2163687987,237.987184003691,9629.81248902675,10519.9509946698
512,1216.484364,722.75955,183,11091.0005033304,172.906243972502,10758.2815512457,11422.4154803674,10496.3043019300,98.4895731837633,10310.7396248177,10692.8591235259
515,60.980983,393.962783,255.6,11606.3924053332,193.355562515576,11234.2280052152,12003.1371210346,11076.8615920571,103.308128578311,10875.5313625951,11276.1088111136
517,466.196158,1010.980856,150,8202.81522503064,372.993303384517,7559.78820156032,8891.77743100514,9614.57536388742,131.640774250169,9358.8325389628,9875.54692411298
522,490.223977,743.003732,308.4,8864.92507003877,257.575736719989,8376.0597069165,9342.10091335223,9569.42314847715,161.781303718512,9245.7811023031,9869.73212440843
523,1672.993563,364.487447,138,11649.8519957028,118.823167156682,11435.9350359107,11865.2720976597,11694.0484990778,83.0857601691083,11533.0423741291,11854.6336958981
534,505.65161,1030.153425,150,8195.48993798526,374.862429595837,7544.56530879803,8895.15031975294,9580.58057187298,133.552619582953,9313.21225459116,9844.01522544295
539,1684.011097,351.384315,73.2,11599.0647921333,117.299762935213,11385.2631402974,11811.0026309979,11504.0143870296,110.583752460522,11315.2403922041,11692.0811156858
542,1227.430624,498.313784,55.2,11738.7402950905,129.772765945851,11494.9074313483,11956.9340912497,11984.2434496336,100.336753670885,11789.4726321260,12170.666426588
552,-97.784583,650.464798,237,11424.4454578041,165.814828681814,11116.7838471467,11736.5340209570,10805.8207734015,115.843442653626,10585.9593810959,11010.8186792924
554,163.13445,256.843361,211.2,12026.0158375077,208.889490558402,11624.0151178695,12442.5015689733,11371.4672918893,94.4350466574343,11193.0287209870,11564.1251013446
559,547.795885,643.309012,234,9384.7842780901,190.512735922360,9018.47500285564,9736.43559088063,9718.32557177617,113.290572381532,9506.47516557279,9926.98820731606
560,716.024582,225.353125,145.8,11246.2762185942,158.351304196072,10966.6250642406,11513.2348434419,11658.7176607009,114.635981036084,11460.0044080605,11856.4220101971
561,1474.158717,803.759198,97.2,11270.1234925983,204.535142692883,10887.618060523,11666.516974359,11108.0032013835,90.5351984543471,10933.1188417858,11276.4381942627
566,175.368491,596.827014,175.2,9938.30637484038,100.022799530848,9753.40941199885,10122.2304470084,10175.5859476896,87.548859412016,10022.3667762539,10327.6385904567
567,1909.321421,736.340537,56.4,11743.9290598656,222.811496310029,11353.0649883378,12146.3144749713,11590.4636707513,110.895147363008,11398.5638866674,11778.1489120912
569,1198.235627,685.185909,112.8,11193.6307697006,162.405825073917,10881.0499349303,11501.9234914619,11237.0267115193,94.1477765100677,11057.5626634137,11406.2305935922
570,134.993059,837.842639,237.6,8952.1591569089,276.253736115531,8491.74947865438,9426.50904734024,9274.51571595665,205.533234416824,8935.35802523133,9613.73142576755
571,687.320905,217.897855,113.4,11290.2576469127,162.894625767521,11005.9451080552,11567.3453569096,12069.9899620461,115.426780580199,11854.1644848361,12285.9041328726
580,1344.352381,434.334204,258,11877.9693204704,116.007073000518,11662.9062428713,12077.7915010593,10920.5200335126,125.357250364746,10678.5759440767,11153.6550415049
584,458.003829,-387.060583,54.6,15756.7805418493,365.832047264254,15061.0525187173,16485.0285607703,15559.1338406844,302.139077165314,15034.1269491321,16107.6547149355
585,882.301583,130.457885,150,11393.1306226334,184.897235318464,11024.5408626852,11733.1895689838,12117.4206347632,107.320489387467,11917.3563480761,12317.6481799322
587,-14.146129,907.693338,212.4,9924.11765505906,211.97887120242,9527.72879151946,10297.4909979737,9847.22584027443,149.239149707173,9564.61717710877,10123.3109715922
590,1106.469702,200.065108,183,11166.6821084475,170.611239087345,10824.5549324156,11486.3136684447,11807.5478250183,84.7277588717269,11637.3764878054,11969.0412692989
591,600.836143,426.635232,164.4,10475.4188105359,96.4620376593247,10298.7035238567,10653.5253369175,10660.0964102280,75.8200710850443,10511.4752421382,10803.1452984344
595,1449.966579,814.341523,120,11185.1519883307,205.734228322237,10799.5685468188,11582.1618142033,10917.1339403785,94.1820937315396,10740.7384641233,11098.4186819341
621,1788.622567,904.062638,192,11143.3144570687,215.351032455578,10757.0194373598,11543.0002757275,10186.4735611329,135.535687240744,9933.37721172194,10459.711966498
623,51.996847,734.06788,265.8,9926.10644804827,140.988099359736,9676.86786886314,10181.9667353281,10197.4504070033,148.178480822759,9915.81825222825,10461.6124545392
626,823.542266,39.129137,160.8,11794.7283143132,212.674161716506,11386.7296926128,12200.3973229528,12394.4534444911,122.224039765127,12161.9834869032,12628.4305050832
632,1331.35006,621.427243,111.6,11782.2889423383,145.731323304970,11497.7013126658,12053.3707255075,11557.0086761909,98.9471645645742,11375.7294325764,11725.6319371243
633,1339.779926,631.226522,111.6,11766.5694968717,147.857831151298,11472.4156014782,12044.5754036782,11525.6149598941,97.8173494916332,11345.4123123512,11693.2508764599
641,1859.271868,396.773917,54.6,11910.2687237664,200.671370416792,11556.4047123966,12280.1179512755,11892.8097056772,103.424832923194,11704.4812183723,12084.6664355977
644,1238.505426,602.23429,136.8,11607.7401608004,142.898396700459,11333.2507485768,11865.90827011,11333.8656843929,93.1902297794191,11157.6322990487,11497.9173367781
648,173.203348,779.912878,223.2,8990.75625662837,248.350908707001,8570.57285100588,9431.9040533142,9479.10490530925,162.347543779085,9206.97692584248,9748.36536711833
649,1981.124539,742.890178,22.2,11736.8813461585,212.447315147482,11368.6533441388,12141.0433856026,11840.2504861276,125.474890245427,11603.6232199451,12070.2444483336
650,1135.526564,503.430813,199.8,11458.0905581494,127.956766587846,11218.2433920521,11675.128752601,10875.0592605179,84.289097700646,10715.8337976766,11033.7058333278
655,158.268451,577.113927,188.4,10116.4439819820,95.9782671042775,9951.323058969,10281.2131169460,10154.9142742858,88.2902644457366,10000.8621883667,10304.6898247099
658,1643.267557,986.595137,144,10624.2254218649,238.988457234813,10175.5491742321,11068.1314627967,10285.2951739529,124.409708047031,10054.6768502074,10523.5504732106
663,1554.804453,893.011662,272.4,10961.2744349091,228.598173479923,10529.3969481093,11388.6552372305,9530.27754724283,176.581115966235,9180.91042827425,9869.5181176971
664,1556.803948,907.313702,241.8,10896.0693014790,231.123629683655,10461.1479466895,11323.9561748284,9715.86899301349,157.258151655571,9411.62908278842,10020.2648888542
676,1186.986082,-320.723637,229.8,13966.828081505,282.642593624958,13458.2221922253,14497.7030867723,13536.3959155990,207.009165332799,13148.6518481346,13943.0992065479
678,193.257704,545.332232,183,10157.5511817167,95.091101978826,9995.7677456865,10313.0462145661,10166.2888897301,94.2926978906814,10011.4088138395,10320.1957932796
680,1708.235784,845.152721,169.2,11321.6559987048,226.402761651566,10905.9606745760,11736.4977273914,10519.7947886587,113.787230335084,10302.0071369856,10744.2873153641
683,1074.354549,691.22407,123.6,10757.5160747784,171.320603818119,10435.6687115924,11088.7044457423,10994.1772014093,89.9034849648505,10825.3623583938,11161.0190933753
693,1082.313168,101.755161,175.2,11238.1910348265,213.565961111922,10842.3596213444,11636.4045617149,12169.0767142818,97.732151639453,11978.2090724528,12358.8957711776
702,652.872747,795.499242,121.8,8986.02979931824,274.104143166749,8484.38738983104,9497.80369786003,10360.8473536803,96.793829365289,10174.9203170242,10549.0886596060
704,2084.541639,938.529634,63.6,11336.3684471263,139.481072737483,11104.4945439078,11597.7476597277,11365.6127281016,160.952130904973,11104.6906968339,11635.1759879809
705,1527.502968,356.485806,205.2,11551.2240219434,91.2674251380465,11376.8389796890,11713.0192283674,11640.4501778906,117.076070224331,11440.0047608041,11843.9066899425
706,1703.20314,342.957104,133.8,11585.6537126281,122.368835923912,11365.9335105196,11808.1157890671,11704.5271299389,85.3063005254104,11540.8252840093,11869.4993449747
710,94.340494,824.483055,249,9210.33691508912,246.806584280061,8799.5744362056,9628.49497813837,9234.53850474497,231.613046787217,8854.11885888722,9614.87777806547
716,903.938732,79.549462,185.4,11514.5293338117,204.067772840514,11117.3676481979,11891.4207659757,12087.6240636297,108.686090075943,11876.4037464623,12292.7035761572
717,335.545235,634.202589,201,9343.31956172335,157.689213622420,9038.3583102922,9638.0713328388,9801.41220356622,90.3787952425214,9628.0806179803,9969.11735069086
720,1711.852619,363.422995,228,11699.6530453349,143.874673737326,11458.4518365114,11955.9768371032,11729.8018387404,165.539930952133,11455.6802025372,11997.2275479098
723,1704.066618,241.415678,17.4,11250.9811087615,138.322412003472,10994.9193363653,11487.0830042753,12807.9916171194,142.052917175240,12546.9547344015,13072.7864220866
726,1626.819287,300.56648,166.2,11278.8233635463,122.813835838328,11055.4460969586,11475.8388876209,11863.1156565188,94.7927114571565,11685.3811833773,12040.9130611067
728,2018.579632,428.41998,8.4,12049.1203456276,226.636365273710,11627.5711666332,12497.5550728342,12551.0568458577,139.715389961886,12282.2695434532,12824.7106901147
733,16.388202,849.070678,265.2,9788.55282304207,202.406885248429,9428.77249003374,10140.7880541887,10057.4463404663,167.294549783032,9736.59872316937,10360.555169488
734,1810.114379,1021.090987,242.4,10639.2454769619,212.215449318109,10250.3995910301,11039.6590076692,9434.7712056159,182.761002622196,9070.47479906175,9779.02341101752
740,1923.753596,485.023309,12,12035.0896946240,220.567927676917,11634.6807556563,12456.6415884328,12339.7888844164,127.388645327128,12093.3429327852,12592.2954860162
743,1818.233366,526.508874,138.6,12043.1467697299,209.221145047555,11657.2367870806,12449.6742814071,11435.6787409687,83.8814267439614,11271.7156668788,11601.5638995917
744,1390.184362,711.457936,164.4,11549.2899618978,171.098229289784,11212.1595773689,11879.6612085153,10843.1826224776,95.5386168571043,10654.0083830508,11030.9098482852
746,1078.694325,119.955836,181.2,11217.1907101921,204.589819990146,10832.3476128628,11600.1314172683,12066.4731037635,95.4509756372962,11880.7136365658,12250.8627322445
756,1215.130254,510.327709,153.6,11699.8445733497,130.862710109500,11456.2264685078,11920.1632543036,11369.9246485071,83.9443014217679,11211.5010440100,11516.1720199147
759,834.727046,915.032063,253.2,9081.75507935199,294.793597009236,8554.37389392469,9643.16722988364,9191.59339154146,155.913312441138,8883.87744305812,9481.06369637412
763,1246.657824,582.069463,178.2,11685.9220183918,139.694888334459,11414.7346191381,11933.2091348984,10973.4939711437,87.7909991719122,10803.1932578825,11141.0547614375
766,604.637079,302.557216,137.4,11007.7382626666,126.181395058522,10797.8254608192,11215.1973755648,11396.1508105569,106.038545621275,11208.2949933494,11583.9015196950
776,1367.137122,728.946679,189.6,11432.1583533261,175.211402031788,11098.3294106815,11779.7707997096,10556.0124519075,104.776023068438,10360.1399960126,10757.0974425235
780,1328.066831,-578.140742,54,17171.6880354881,381.488552957721,16530.8087930984,17823.0766191658,16609.5201592233,348.719456414556,16032.0807843497,17191.0133467672
787,1916.96992,485.236677,12,12033.9325343145,220.039379536812,11632.4158408745,12452.1072818358,12336.3912912280,126.948252185150,12091.1180043016,12586.6048404442
788,819.907763,329.35551,162.6,10972.5818522515,115.626514203977,10741.5478341163,11170.0135276373,11221.0773161297,86.9204592758958,11057.0817281784,11370.6601616419
789,1655.316198,303.165453,82.8,11307.8106415075,118.131174637162,11096.4831932794,11500.5760701373,11306.3634789690,127.248810510630,11098.1098031652,11517.9024703646
790,1310.214953,420.690393,148.8,11790.7831151204,118.955905647302,11564.0118986274,12003.2753104088,11680.2007693793,82.2980798685587,11528.3667615713,11830.9263918802
791,137.016785,723.981326,225,9434.6571166024,177.545321528357,9130.68002364741,9748.4395539014,9719.7141101803,141.048457613593,9478.40102154386,9959.65838656237
792,180.408409,593.014315,174.6,9939.0762254321,99.6255316130069,9755.7757259938,10120.8530124151,10180.7085012059,87.30164299904,10029.7386733279,10332.3952252354
793,746.717805,800.279593,155.4,9225.56796606106,262.069137605871,8755.27714904736,9720.0436155545,10045.7563551115,96.6808710224082,9856.62387024245,10234.2868461474
795,435.970137,643.696567,278.4,9269.2210492919,181.9925282029,8915.10973735572,9615.6460863436,9797.8958891268,136.66364930716,9538.89106064688,10052.7813773260
798,1172.799341,557.402917,290.4,11508.8211893514,135.977238339442,11250.425639738,11736.3172072437,10212.3949384967,145.329456883753,9931.42121301764,10482.7434062832
799,1172.605704,558.568981,290.4,11505.9587130261,136.146283168476,11246.9713683131,11734.2565176112,10208.8193372804,145.385909672379,9927.51633690389,10479.1641828272
802,163.154606,359.685139,213.6,11404.4728012694,160.984298210701,11086.2934469287,11725.6953183741,10941.4766866498,78.8024995795713,10787.7393842104,11098.4554203783
