id,id_old,site,long,lat,state,pi,depth,ASH,BEECH,BIRCH,ELM,HEMLOCK,MAPLE,OAK,OTHER.CONIFER,OTHER.HARDWOOD,PINE,SPRUCE,TAMARACK
12016,12016,Albert Lea Lake,-93.2894,43.6582,minnesota,"Cushing, Edward J.",70,3,0,3,1,0,0,42,0,11,8.5,1,0
29,29,Lake Allie,-94.5675,44.8138,minnesota,"McAndrews, John H.",50,3,0,7,12,1,4,89,0,36,51,4,0
205,205,Andrus Lake,-85.040278,46.7,michigan:north,"Shane, Linda C. K.",15.25,2,3,41,4,13,5,14,1,18,130,12,2
223,223,Bad Medicine Lake,-95.383333,47.133333,minnesota,"McAndrews, John H.",20,1,0,41,5,0,2,18,1,34,204,1,0
241,241,Black Bass Lake,-93.703889,46.128056,minnesota,"McAndrews, John H.",10,5,0,60,7,0,3,38,0,49,167,0,3
249,249,Beckman Lake,-93.183333,45.425,minnesota,"Swain, Patricia C.",83,0,0,27,4,0,3,74,0,22,53,2,4
3062,3062,Beckman Lake,-93.183333,45.425,minnesota,"Swain, Patricia C.",35,10,0,36,23,1,3,109,0,47,95,11,12
272,272,Big John Pond,-94.966667,47.558333,minnesota,"Almendinger, John C.",40,0,0,10,1,0,0,3,1,15,164.5,6,1
275,275,Billy's Lake,-94.583333,46.283333,minnesota,"Jacobson, George L., Jr.",220,3,0,28,3,1,0,18,0,31,107,1,0
280,280,Blandin Pond,-93.666667,47.133333,minnesota,"Cushing, Edward J.",41,4,0,111,10,0,4,33,1.5,44,195,2.5,3
10973,10973,Blomford Lake,-93.157,45.496,minnesota,"Cushing, Edward J.",40,5,0,36,7,0,3,106,0,38,110,0,0
287,287,Blue Mounds Creek,-89.866667,43.083333,wisconsin,"Davis, Anthony M.",11,1,0,2,5,0,6,68,4,23,43,1,0
296,296,Bob Lake,-92.614722,46.633611,minnesota,"McAndrews, John H.",20,2,0,77,3,0,1,16,5,30,221,12,4
298,298,Bog D,-95.166667,47.183333,minnesota,"McAndrews, John H.",70,1,0,32,1,0,0,20,2,26,260,7,10
305,305,Bossuot Lake,-93.734167,44.296111,minnesota,"McAndrews, John H.",60,15,0,11,49,2,23,136,0,99,18,0,0
313,313,Brown Lake ,-89.483333,45.783333,wisconsin,"Shane, Linda C. K.",14.25,2,0,41,3,9,0,13,1,6,157,3,2
314,314,"Brown's Bay, Lake Minnetonka",-93.55,44.966667,minnesota,"Shane, Linda C. K.",59.5,5,0,13,14,0,26,110,0,54,45,3,1
325,325,Burntside Lake,-91.994722,47.924167,minnesota,"Wright, Herbert E., Jr.",20,0,0,25,4,1,0,2,6,30,173,27,3
332,332,Camp 11 Lake,-88.016667,46.666667,michigan:north,"Brubaker, Linda B.",10,3,0,122,8,17,8,17,5,31,317,33,3
333,333,Camp 12 Lake,-89.375,45.986111,wisconsin,"Shane, Linda C. K.",17.25,1,0,53,3,9,1,17,2,7,161,6,1
334,334,Campbell Lake,-93.5,44.705833,minnesota,"McAndrews, John H.",50,1,0,18,11,0,2,221,0,27,38,2,1
13057,13057,Camp Lake,-95.398,45.4133,minnesota,"Cushing, Edward J.",40,8,0,38,15,0,2,223,0.5,108,50,4,0.5
3055,3055,Canyon Lake,-87.921389,46.833333,michigan:north,"Davis, Margaret B.",18,1,0,93,4,65,16,32,0,27,140.5,0,0
352,352,Cedar Bog Lake,-93.197222,45.411111,minnesota,"Cushing, Edward J.",190,2,0,39,2,0,1,71,0,41,54,1,17
12010,12010,Chub Lake,-93.2224,44.5748,minnesota,"Cushing, Edward J.",195,9,0,14,11,1,1,115,0,27,37,0,0
382,382,Cindy Pond,-94.916667,47.183333,minnesota,"McAndrews, John H.",20,5,0,78,4,0,2,18,1,57,320,7,1
12005,12005,Cottonwood Lake,-95.6919,44.6243,minnesota,"Cushing, Edward J.",25,2,0,0,1,0,0,7,0,13,30,1,0
515,515,Cottonwood Lake ,-96.016667,45.761111,minnesota,"McAndrews, John H.",40,10,0,12,9,0,3,55,1,25,47,3,0
521,521,Crazy Pond,-95.733333,47.183333,minnesota,"McAndrews, John H.",40,3,0,103,13,0,2,52,3,47,94,6,5
532,532,Cub Lake,-84.958333,44.7,michigan:south,"Rasmussen, Jack B.",24,0,28,13,13,33,15,21,0,20,154,0,1
545,545,Dalton Lake,-95.915278,46.173889,minnesota,"McAndrews, John H.",40,4,0,22,7,0,0,80,1,35,36,4,1
546,546,Dark Lake,-91.475,45.275,wisconsin,"Winkler, Marjorie Green",150,5,0,109,8,6,8,80,0,50,75,4,1
12007,12007,Deans Lake,-93.4546,44.7783,minnesota,"Shane, Linda C. K.",80,4,0,13,5,1,3,247,1,21,72,2.5,1
679,679,Demont Lake,-85,43.48,michigan:south,"Kapp, Ronald O.",60,7,19,4,5,10,5,49,2,36,92,36,3
681,681,Denton Lake,-89.316667,45.85,wisconsin,"Shane, Linda C. K.",22.25,2,0,52,2,9,4,2,1,7,153,8,1
684,684,Devils Lake ,-89.7385,43.4273,wisconsin,"Maher, Louis J., Jr.",22.5,17,0,19,9,1,1,259,0,58,72,1,2
3081,3081,Disterhaft Farm Bog,-89.166944,43.916944,wisconsin,"Baker, Richard G.",80,2,0,12,3,8,5,162,0,23,47,0,1
717,717,Dogfish Lake,-92.183333,48.183333,minnesota,"Waddington, Jean C.B.",25,2,0,54,0,0,0,4,4,35,175,29,2
774,774,Dunnigan Lake,-91.641667,47.708333,minnesota,"Shane, Linda C. K.",19.75,1,0,60,0,2,0,5,3,8,139,21,0
781,781,East Twin Lake ,-93.508333,45.333333,minnesota,"McAndrews, John H.",30,5,0,38,15,0,3,205,2,67,77,2,4
786,786,Eggert Lake,-93.619722,44.470556,minnesota,"McAndrews, John H.",40,11,0,18,45,3,9,132,0,83,30,1,0
12008,12008,Lake Emily,-93.9262,44.3135,minnesota,"Shane, Linda C. K.",153,7,0,5,4,2,2,117,0,37,21.5,0,0
12024,12024,Everhart Lake,-93.4424,43.6198,minnesota,"Cushing, Edward J.",35,9,0,9,7,0.5,2,193,0,32,23,0,0
817,817,Faith Pond,-95.1,47.283333,minnesota,"McAndrews, John H.",30,8,0,28,6,1,1,56,1,32,63,4,1
822,822,Farquar Lake,-93.166667,44.757778,minnesota,"McAndrews, John H.",50,5,0,28,11,2,1,173,0,41,36,2,0
10974,10974,Fawn Lake,-93.057,45.4099,minnesota,"Cushing, Edward J.",40,9,1,81,12,1.5,6,216,0.5,81,177.5,5.5,7.5
824,824,Fawn Lake,-94.753333,46.218889,minnesota,"McAndrews, John H.",30,7,0,32,12,1,5,38,2,55,157,2,1
846,846,Fox Pond,-95.558333,47.165,minnesota,"McAndrews, John H.",50,0,0,117,14,0,4,37,2,46,104,5,4
847,847,Frains Lake,-83.63,42.33,michigan:south,"Kerfoot, Wilson Charles",410,7,7,2,4,1,3,78,0,19,2,0,0
850,850,French Lake,-94.416667,44.95,minnesota,"Grimm, Eric Christopher",660,10,0,28,41,0,4,207,0,83,29.5,2.5,0
10975,10975,Frovold Lake,-95.568,45.38,minnesota,"Cushing, Edward J.",30,0,0,13,5,0,1,43,0,13,35.5,0.5,0
860,860,Gass Lake,-87.733333,44.05,wisconsin,"Webb, Sara L.",60,30,22,42,19,3,10,55,2,44,61,1,2
869,869,George Lake,-93.870833,44.233333,minnesota,"McAndrews, John H.",40,1,0,13,45,1,4,187,0,84,31,4,0
967,967,Goldsmith Lake,-92.466667,46.583333,minnesota,"McAndrews, John H.",20,0,0,61,5,2,0,17,2,15,182,12,2
10976,10976,Goose Lake,-94.596,44.995,minnesota,"Cushing, Edward J.",35,5,0,10,12,1,1,92,0,46,23.5,1,0
990,990,Grice Pond,-95.75,47.2,minnesota,"McAndrews, John H.",30,4,0,69,9,1,2,58,3,33,119,7,2
3131,3131,Hell's Kitchen Lake,-89.7,46.183333,wisconsin,"Swain, Albert M.",90,4,0,125,2,48,8,15,1,52,67,3,2
1032,1032,Hemo Pond,-95.783333,47.216667,minnesota,"McAndrews, John H.",60,6,0,56,13,0,1,91,2,46,83,3,0
1109,1109,Horse Pond,-95.872222,47.190278,minnesota,"McAndrews, John H.",40,5,0,39,11,0,3,58,3,38,101,5,0
1111,1111,Hostage Lake,-94.133333,46.55,minnesota,"Almendinger, John C.",40,3,0,25,3,0,3,21,0,20,213,1.5,3.5
1134,1134,Hug Lake,-90.933333,47.958333,minnesota,"Swain, Albert M.",24,1,0,57,0,1,3,2,8,82,151,63,4
1138,1138,Hustler Lake,-92.158333,48.233333,minnesota,"Shane, Linda C. K.",26.75,0,0,30,1,1,0,6,2,21,136,26,2
1151,1151,Iola Bog,-89.116944,44.5,wisconsin,"Maher, Louis J., Jr.",90,2,0,23,11,0,2,42,0,26,145,0,0
1153,1153,Irvin Lake,-93.643611,47.135556,minnesota,"Cushing, Edward J.",25,2,0,161,6,0,11,17,5.5,37,168,12.5,2
13047,13047,Irwin Smith Bog,-83.64,45.035,michigan:south,"Jackson, Steven T.",16.5,1,4,11,4,46,2,5,2,10,116,7,1
3138,3138,Jacobson Lake,-92.716944,46.416944,minnesota,"Watts, William A.",125,1,0,64,3,0,3,15,9,9,225,1,2
15274,15274,Jones Lake ,-93.983333,45.429167,minnesota,"McAndrews, John H.",20,9,0,27,9,0,4,135,0,55,106,2,1
1446,1446,Kegan Lake,-93.116667,44.758333,minnesota,"McAndrews, John H.",30,4,0,25,13,0,1,148,0,21,83,0,0
3452,3452,Kellys Hollow,-90.35,45.3,wisconsin,"Heide, Kathleen M.",21,4,0,92,4,65,6,9,1,11,71,5,3
1448,1448,Kellners Lake,-87.848056,44.238056,wisconsin,"Maher, Louis J., Jr.",60,13,20,52,18,3,4,74,1,21,73,1,6
13032,13032,Kimble Pond,-93.842,44.2201,minnesota,"Umbanhowar, Charles E., Jr.",1910.5,6,0,8,65,0,2,135,0,166,6,0.5,0
3455,3455,Kirchner Marsh,-93.1249,44.7724,minnesota,"Wright, Herbert E., Jr.",22,0,0,11,2,0,0,221,0,13,53,0,0
1524,1524,Kitchner Lake,-87.455,45.666667,michigan:north,"Davis, Margaret B.",60,2,7,92,6,25,5,31,3,59,71,13,4
1552,1552,Kryzewinski Lake,-92.870278,46.353333,minnesota,"McAndrews, John H.",30,3,0,84,2,0,3,31,2,32,237,3,2
1581,1581,Lake 27,-84.783333,45.066667,michigan:south,"Bernabo, J. Christopher",20,2,24,39,13,63,23,20,0,5,121,2,0
1584,1584,Lake Ann,-93.6875,45.425,minnesota,"McAndrews, John H.",60,9,0,24,17,1,5,128,1,62,94,3,4
1588,1588,Lake Carlson,-93.1617,44.8009,minnesota,"Wright, Herbert E., Jr.",50,12,0,25,15,0,4,156,1,47,36,2,0
12004,12004,Last Lake,-95.2438,45.4519,minnesota,"Alwin, Baird C.",40,6,0,21,5,0,3,119,0,52,31,1,0
1629,1629,Lewis Lake,-93.364167,45.749444,minnesota,"McAndrews, John H.",40,12,0,35,12,1,10,39,0,47,143,2,11
1633,1633,Lily Lake ,-92.825,45.05,minnesota,"Eyster-Smith, Nancy M.",1345,4,0,40,3,3,3,120,0,32,60,2,0
1639,1639,Little Bass Lake,-93.6,47.283333,minnesota,"Swain, Patricia C.",1300,1,0,75,0,0,1,11,3,34,192,11,3
1643,1643,Little Pine Lake,-91.483333,45.283333,wisconsin,"Gajewski, Konrad J.",150,4,0,109,6,8,6,77,0,59,138,5,1
3482,3482,Lake of the Clouds ,-91.116667,48,minnesota,"Craig, Alan J.",62,3,0,50,0,0,0,3,1,100,236,10,2
3483,3483,Lake of the Clouds ,-91.116667,48,minnesota,"Swain, Albert M.",9,2,0,174,9,2,3,23,14,206,1084,111,8
1665,1665,Lost Lake ,-87.97,46.72,michigan:north,"Brubaker, Linda B.",10,1,0,125,6,14,15,14,5,38,187,15,1
12001,12001,Little Dollar Lake,-85.3096,46.1872,michigan:north,"Futyma, Richard P.",12,5,24,187,8,25,38,34,5.5,43,148.5,14,7
12014,12014,Lybeck Lake,-95.717,45.679,minnesota,"Cushing, Edward J.",55,2,0,16,6,0,1,47,0,20,52.5,2,0
1708,1708,Martin Pond,-94.933333,47.183333,minnesota,"McAndrews, John H.",50,3,0,84,3,0,0,23,3,62,266,8,1
1720,1720,McCraney Pond,-95.698056,47.178056,minnesota,"McAndrews, John H.",30,4,0,39,16,0,3,40,4,29,156,3,5
1725,1725,McNearny Lake,-84.958333,46.427222,michigan:north,"Shane, Linda C. K.",5.75,1,9,46,1,6,7,8,1,7,51,11,0
3485,3485,McNearny Lake,-84.958333,46.427222,michigan:north,"Shane, Linda C. K.",7.75,2,17,108,3,18,14,19,2,9,108,9,1
3486,3486,McNearny Lake,-84.958333,46.427222,michigan:north,"Shane, Linda C. K.",8.75,0,8,120,4,20,13,22,2,8,111,15,3
1735,1735,Lake Mendota,-89.416667,43.1,wisconsin,"Winkler, Marjorie Green",65.5,5,8,10,15,3,2,215,0,21,31,2,0
1757,1757,Lake Minnie,-95.01,47.24,minnesota,"McAndrews, John H.",40,1,0,17,1,1,0,7,2,7,275,5,3
3492,3492,Lake Minnie,-95.01,47.24,minnesota,"McAndrews, John H.",60,1,0,23,1,0,2,7,2,13,228,1,2
12006,12006,Monson Lake,-95.2897,45.33,minnesota,"Cushing, Edward J.",80,7,0,9,3,1,1,84.5,0,25,31,2.5,0
12013,12013,Mud Lake,-95.4657,45.8607,minnesota,"Cushing, Edward J.",65,3,0,41,19,0,19,86,0,76,29.5,2.5,0
1777,1777,Mud Lake ,-93.830833,44.227222,minnesota,"McAndrews, John H.",40,6,0,13,25,0,2,218,0,37,31,0,0
1778,1778,Mud Lake ,-94.75,46.866667,minnesota,"Almendinger, John C.",50,1,0,31.5,10,0,1,23,4,37,359.5,10.5,2
1781,1781,Murphy Lake,-93.340556,44.711111,minnesota,"McAndrews, John H.",90,6,0,30,8,0,2,184,1,36,39,3,0
1786,1786,Myrtle Lake,-93.383333,47.983333,minnesota,"Janssen, C. Roel",186,4,0,148,5,1,2,32,14,55,449,76,37
1793,1793,Nels Lake,-91.9,48.033333,minnesota,"Shane, Linda C. K.",20.75,2,0,44,1,0,1,4,1,25,144,13,1
13056,13056,Oak Glen Lake,-93.0876,43.9343,minnesota,"Cushing, Edward J.",258,2,0,17,6,0,2,177.5,0,42,23,1.5,0
10971,10971,Ocheda Lake,-95.64,43.59,minnesota,"Cushing, Edward J.",36,3,0,10,2,0,80,27,1,12,25,2,0
10977,10977,Olson Lake,-93.6619,46.5137,minnesota,"Cushing, Edward J.",1080,5,0,78,5,0,5,39,3.5,83,317,9,5.5
1830,1830,Lake Onamia,-93.68,46.068333,minnesota,"McAndrews, John H.",30,4,0,45,3,0,1,31,1,25,235,6,3
1831,1831,Ondris Pond,-94.4,46.35,minnesota,"Jacobson, George L., Jr.",210,3,0,34,4,0,3,34,0,25,140,3,1
1840,1840,Otto Mielke Lake,-89.625,45.933333,wisconsin,"Shane, Linda C. K.",22.25,0,0,53,2,17,3,11,4,17,188,4,1
1884,1884,Pennington Lake,-93.273056,45.780556,minnesota,"McAndrews, John H.",50,2,0,27,11,0,1,73,0,30,177,2,3
12009,12009,Perch Lake,-95.4724,46.1959,minnesota,"Cushing, Edward J.",80,9,0,39,7,0,1,100,0,50,56,3.5,0
1891,1891,Peterson Slough,-95.316667,46.966667,minnesota,"Almendinger, John C.",100,4,0,28,9,0,0,46,0,10,219,5.5,3
3541,3541,Pogonia Bog Pond,-93.633333,45.033333,minnesota,"Cushing, Edward J.",35,6,0,5,12,0,24,116,0,34,27,0,18
1955,1955,Pleasant Lake ,-93.566667,44.588889,minnesota,"McAndrews, John H.",40,3,0,18,15,0,3,173,0,41,76,4,0
3558,3558,Pogonia Bog Pond,-93.633333,45.033333,minnesota,"Cushing, Edward J.",330,8,0,11,30,0,15,120,0,93,9,0,8
1966,1966,Portage Lake,-94.113333,47.081389,minnesota,"McAndrews, John H.",35,1,0,57,1,2,3,14,2,27,215,2,4
12011,12011,Lake Rachel,-95.5616,45.8078,minnesota,"Cushing, Edward J.",35,7,0,27,16,0,17,145,0,85,44,3.5,0
2011,2011,Radtke Lake,-88.1,43.4,wisconsin,"Webb, Sara L.",52,6,6,23,18,0,4,151,0,56,16,1,0
2051,2051,Reichow,-95.775,47.187778,minnesota,"McAndrews, John H.",30,4,0,87,22,0,0,47,0,54,58,4,0
2053,2053,Reidel Lake,-95.284167,46.211944,minnesota,"Almquist-Jacobson, Heather",496,3,0,34,7,0,1,58,0,40,39.5,3.5,1
2062,2062,Rholl Lake,-96.166667,47.6,minnesota,"McAndrews, John H.",20,2,0,58,4,1,0,61,1,67,48,4,0
10983,10983,Round Grove Lake,-94.5,44.718,minnesota,"Cushing, Edward J.",45,9,0,27,26,2,2,119,0,74,65,4,1
2309,2309,Ruby Lake,-91.458333,45.283333,wisconsin,"Winkler, Marjorie Green",150,7,3,112,7,0,12,92,0,49,146,2,11
2314,2314,Rutz Lake,-93.87,44.87,minnesota,"Waddington, Jean C.B.",560,8,0,14,47,1,1,182,0,79,26,0,1
2354,2354,Sedivy Lake,-95.833333,47.208889,minnesota,"McAndrews, John H.",60,3,0,50,17,0,4,111,2,53,148,6,0
3620,3620,Seidel,-87.515556,44.45,wisconsin,"Maher, Louis J., Jr.",40,1,12,32,3,55,4,31,0,8,50,0,4
2375,2375,Shagawa Lake,-91.866667,47.916667,minnesota,"Bradbury, J. Platt",40,3,0,54,1,1,2,11,4,88,353,31,5
2383,2383,Silver Lake ,-94.2,44.9,minnesota,"McAndrews, John H.",70,0,0,11,9,0,0,76,0,24,43,2,0
2394,2394,Siseebakwet South,-93.683333,47.133333,minnesota,"Cushing, Edward J.",41,8,0,140,5,1,3,15,1.5,37,111.5,5,4
2581,2581,Solum Lake,-96.25,46.662222,minnesota,"McAndrews, John H.",40,2,0,23,7,1,1,52,0,32,36,1,2
2584,2584,South Stanchfield Lake,-93.466667,45.725,minnesota,"McAndrews, John H.",30,1,0,8,22,0,5,18,1,27,234,3,0
10970,10970,South Heron Lake,-95.27,43.75,minnesota,"Cushing, Edward J.",36,5,0,4,5,0,6,41,1,16,36,0,0
2585,2585,Spectacle Lake,-93.408333,45.572222,minnesota,"McAndrews, John H.",40,5,0,53,13,0,2,104,1,66,196,3,4
2586,2586,Spirit Lake ,-86.958333,46.47,michigan:north,"Davis, Margaret B.",20,3,9,171,12,96,12,16,1,29,112,7,0
2600,2600,St. Catherines Lake,-93.4325,44.626944,minnesota,"McAndrews, John H.",50,6,0,6,22,2,5,166,0,63,23,0,1
2605,2605,Stone Lake,-93.522222,45.4,minnesota,"McAndrews, John H.",30,2,0,30,10,1,0,144,1,34,97,0,3
2613,2613,Sunfish Lake,-93.1,44.874722,minnesota,"McAndrews, John H.",40,1,1,22,21,3,2,142,1,40,89,2,0
2624,2624,Tamarack Creek,-91.45,44.15,wisconsin,"Davis, Anthony M.",13,0,0,1,1,0,1,26,1,6,90,1,85
2638,2638,Terhell Pond,-95.770556,47.187778,minnesota,"McAndrews, John H.",40,4,0,117,27,0,2,55,0,76,71,4,1
3784,3784,Third Lake,-92.016667,48.108333,minnesota,"Swain, Patricia C.",184,0,0,52,1,0,0,0,1,43,267,35,3
2640,2640,Thompson,-96.083333,47.2,minnesota,"McAndrews, John H.",30,1,0,44,9,0,1,36,0,32,53,7,0
3786,3786,Third Lake,-92.016667,48.108333,minnesota,"Swain, Patricia C.",40,1,0,51,0,3,1,7,4,38,274,39,0
3788,3788,Third Lake,-92.016667,48.108333,minnesota,"Swain, Patricia C.",60,2,0,66,2,2,0,8,1,37,357,73,5
2648,2648,Toenjes Lake,-93.981389,45.409722,minnesota,"McAndrews, John H.",60,7,0,26,20,0,4,144,0,44,82,4,3
2881,2881,Twin Lakes,-93.167778,45.848889,minnesota,"McAndrews, John H.",50,4,0,35,1,2,2,41,0,31,224,0,3
12015,12015,Union Lake,-95.3484,45.8207,minnesota,"Cushing, Edward J.",45,7,0,46,15,0,3,117,0,75,51.5,4.5,0
2888,2888,Upper Graven Lake,-95.306944,46.184444,minnesota,"Almquist-Jacobson, Heather",160,2,0,45,3,0,1,79,1,29,36.5,6,1
3831,3831,Vestaburg Bog,-84.883333,43.416667,michigan:south,"Gilliam, Jeanne A.",618,17,33,25,30,23,25,245,0,35,90,0,3
3837,3837,Weber Lake,-91.66,47.471667,minnesota,"Fries, Magnus",60,4,0,140,0,4,0,15,22,49,361,140,18
2948,2948,Wentzel's Pond,-94.95,46.95,minnesota,"Almendinger, John C.",55,3,0,14,0,0,1,9,1,19,158.5,2,0
13051,13051,West Olaf Lake,-96.198,46.6043,minnesota,"Nelson, David M.",165,3,0,22,8,0,0,78,0,89,61,3,0
2952,2952,White Lily Lake,-93.102778,46.086111,minnesota,"McAndrews, John H.",40,8,0,95,5,0,5,50,5,32,328,2,7
2961,2961,Wintergreen Lake,-85.383333,42.4,michigan:south,"Bailey, Robert E.",68,4,13,10,11,0,1,177,0,16,5,0,0
3031,3031,Wolsfeld Lake,-93.577,45.008,minnesota,"Grimm, Eric Christopher",714,9,0,30,33,0,35.5,228,0,153,34,1.5,2
3032,3032,Wolverine Lake,-85.661111,46.429167,michigan:north,"Futyma, Richard P.",15,0,16,112,5,23,12,11,5,24,285,20,1
3035,3035,Wood Lake,-90.083333,45.333333,wisconsin,"Heide, Kathleen M.",100,3,0,84,1,65,8,14,3,19,113,2,5
12012,12012,Ziebell Lake,-95.2663,46.0572,minnesota,"Cushing, Edward J.",50,7,0,91,14,1,2,90,0,93,25.5,2,3
13060,CLH8,Adeline,-91.194,45.302,wisconsin,R. Calcote,28.5,2,0,174,9,20,9,52,2,49,233,3,1
13069,CLH1,Elevenses,-91.496,46.382,wisconsin,R. Calcote,26.5,1,0,28,3,4,2,9,1,8,108,4,0
13071,CLH9,Eska,-90.60789,45.1915,wisconsin,R. Calcote,17.5,6,1,141,8,91,8,23,2,14,230,5,0
13073,CLH7,Fallison,-89.61883,45.9939,wisconsin,R. Calcote,23.5,5,0,106,8,11,8,22,4,28,248,10,0
14446,CLH3,HellHole,-92.219,45.7865,wisconsin,R. Calcote,16.5,10,1,86,8,3,7,56,1,36,269,8,4
19933,CLH4,Lily,-92.272,45.901,wisconsin,R. Calcote,34.5,3,0,60,4,1,5,64,2,45,219,8,0
19931,CLH5,Lone02,-92.2359,45.932,wisconsin,R. Calcote,17.5,9,0,98,13,0,7,72,3.5,54,313,6,0
15882,CLH6,Warner,-92.039,46.121,wisconsin,M. Tweiten,38.5,0,0,26,5,1,0,12,5,18,156,2,0
CALPRE1,CALPRE1,Adventure,-91.94,46.09,wisconsin,R. Calcote,NA,1,0,49,9,3,1,32,2,19,376,7,0
CALPRE2,CALPRE2,Benach,-92.256,45.9271,wisconsin,R. Calcote,NA,1,0,34,8,1,2,19,2,24,159,2,0
CALPRE3,CALPRE3,BlueJ,-91.528,46.407,wisconsin,R. Calcote,NA,1,0,63,0,3,0,17,0,35,228,4,0
CALPRE4,CALPRE4,Brozie,-92.1084,45.9599,wisconsin,R. Calcote,NA,3,0,55,0,1,1,33,1,16,444,7,0
CALPRE5,CALPRE5,Camp2G,-91.41097,46.50213,wisconsin,R. Calcote,NA,1,0,70,2,2,4,24,1,41,373,7,0
CALPRE6,CALPRE6,Chase,-92.468,45.9267,wisconsin,R. Calcote,NA,0,0,51,5,7,5,59,1,24,331,9,1
CALPRE7,CALPRE7,Cheney,-91.701,46.382,wisconsin,R. Calcote,NA,3,0,42,6,1,2,20,2,15,237,5,1
CALPRE8,CALPRE8,Clubhouse,-92.0572,45.9395,wisconsin,R. Calcote,NA,4,0,68,3,1,6,40,0,36,279,9,0
CALPRE9,CALPRE9,Corwick,-92.197,45.9477,wisconsin,R. Calcote,NA,8,0,87,6,1,5,52,2,38,285,3,0
CALPRE10,CALPRE10,Crestview,-91.693,46.274,wisconsin,R. Calcote,NA,2,0,74,4,6,1,22,3,27,298,9,0
CALPRE11,CALPRE11,DeepPine,-91.35,46.543,wisconsin,R. Calcote,NA,6,0,192,7,18,6,32,5,54,438,14,0
CALPRE12,CALPRE12,DeerPrint,-91.619,46.36,wisconsin,R. Calcote,NA,2,0,73,3,3,2,32,2,23,316,11,0
CALPRE13,CALPRE13,FirstPine,-91.23631,46.65141,wisconsin,R. Calcote,NA,9,1,178,7,14,6,42,1,47,382,5,3
CALPRE14,CALPRE14,Genos,-92.083,45.928,wisconsin,R. Calcote,NA,3,0,20,1,2,4,29,0,24,130,3,0
CALPRE15,CALPRE15,Horseshoe,-92.2786,45.8618,wisconsin,R. Calcote,NA,5,1,55,3,6,5,57,1,49,301,3,0
CALPRE16,CALPRE16,Jakes,-91.3002,46.5678,wisconsin,R. Calcote,NA,0,0,52,5,1,1,16,2,12,177,3,0
CALPRE17,CALPRE17,LittleRound,-92.2259,46.0126,wisconsin,R. Calcote,NA,6,0,41,7,1,4,51,2,32,257,5,4
CALPRE18,CALPRE18,Menke,-92.341,45.872,wisconsin,R. Calcote,NA,3,1,113,11,4,1,66,2,52,239,7,0
CALPRE19,CALPRE19,Metz01,-91.688,46.318,wisconsin,R. Calcote,NA,2,0,92,0,5,0,25,4,19,494,17,0
CALPRE20,CALPRE20,Perch,-92.0609,45.9036,wisconsin,R. Calcote,NA,2,0,59,6,1,6,35,1.5,32,342,5,0
CALPRE21,CALPRE21,Sawdust,-91.27224,46.57128,wisconsin,R. Calcote,NA,0,0,63,4,2,3,18,4,34,334,9,0
CALPRE22,CALPRE22,Tomahawk,-91.961,45.924,wisconsin,R. Calcote,NA,6,0,53,8,2,2,34,0,23,299,7,0
CALPRE23,CALPRE23,Wade,-92.16812,45.98437,wisconsin,R. Calcote,NA,5,0,50,6,1,2,39,1,32,267,4,3
CALPRE24,CALPRE24,Wagner,-91.858,46.203,wisconsin,R. Calcote,NA,3,0,65,3,1,5,25,3,23,341,6,0
CALPRE25,CALPRE25,West8Mile,-91.48,46.423,wisconsin,R. Calcote,NA,1,0,80,4,5,2,16,1,29,183,5,1
CALPRE26,CALPRE26,WestTwin,-91.063,46.6838,wisconsin,R. Calcote,NA,2,0,34,3,2,1,8,2,10,160,7,0
CALPRE27,CALPRE27,Arrowhead,-89.690237,45.90634,wisconsin,R. Calcote,NA,1,2,116,8,22,5,29,7,31,315,9,0
CALPRE28,CALPRE28,BigStGermain,-89.519786,45.934297,wisconsin,R. Calcote,NA,7,0,71,2,14,2,15,5,37,193,9,2
CALPRE29,CALPRE29,Eagle,-89.208192,45.932222,wisconsin,R. Calcote,NA,4,0,105,4,23,6,24,4,30,250,7,0
CALPRE30,CALPRE30,LittleSpider,-89.708418,45.971148,wisconsin,R. Calcote,NA,4,0,143,12,34,7,38,5,26,321,7,0
CALPRE31,CALPRE31,Lost,-89.483116,45.965542,wisconsin,R. Calcote,NA,2,0,87,7,26,3,15,2,23,241,6,0
CALPRE32,CALPRE32,Otter,-89.22145,45.942934,wisconsin,R. Calcote,NA,3,0,119,5,19,8,14,9,29,291,12,1
CALPRE33,CALPRE33,CircleLily,-89.91917,46.159086,wisconsin,R. Calcote,NA,3,0,130,8,51,4,23,6,23,280,18,0
CALPRE34,CALPRE34,Round,-89.710237,46.171864,wisconsin,R. Calcote,NA,0,0,90,1,16,4,9,6,29,117,11,0
CALPRE35,CALPRE35,BigPortage,-89.284923,46.125602,wisconsin,R. Calcote,NA,1,0,147,4,24,3,13,4,23,347,16,1
CALPRE36,CALPRE36,Moon,-89.434358,45.917883,wisconsin,R. Calcote,NA,2,0,67,6,10,8,28,3,26,353,3,0
CALPRE37,CALPRE37,Nelson,-89.357161,45.930417,wisconsin,R. Calcote,NA,4,1,104,4,34,6,29,5,23,459,17,0
CALPRE38,CALPRE38,Oxbow,-89.68285,46.240885,wisconsin,R. Calcote,NA,6,1,199,5,91,7,27,12,29,232,18,1
CALPRE39,CALPRE39,Vandercook,-89.685207,45.982146,wisconsin,R. Calcote,NA,1,1,145,10,25,3,26,9,21,370,16,0
CALPRE40,CALPRE40,Day,-89.704896,46.063419,wisconsin,R. Calcote,NA,1,1,140,4,72,8,22,5,23,159,6,1
CALPRE41,CALPRE41,Katinka,-89.792614,46.205384,wisconsin,R. Calcote,NA,5,0,203,3,62,0,18,4,40,232,11,1
CALPRE42,CALPRE42,Nebish,-89.590709,46.051978,wisconsin,R. Calcote,NA,4,1,76,3,42,10,16,5,16,475,25,0
CALPRE43,CALPRE43,Spruce,-89.566965,46.05323,wisconsin,R. Calcote,NA,5,0,110,8,22,5,19,3,17,289,9,0
CALPRE44,CALPRE44,Pallette09F,-89.6038754,46.0665173,wisconsin,R. Calcote,NA,0,1,259,7,37,4,26,5,25,308,12,0
CALPRE45,CALPRE45,Allequash07X,-89.6288435,46.0369394,wisconsin,R. Calcote,NA,2,0,143,4,27,6,16,6,16,193,7,0
CALPRE46,CALPRE46,BigMuskie07X,-89.6996401,45.9208573,wisconsin,R. Calcote,NA,1,0,185,10,2,8,17,2,51,244,4,0
CALPRE47,CALPRE47,Crystal07X,-89.1780327,46.1567454,wisconsin,R. Calcote,NA,3,0,49,5,20,3,15,1,11,257,2,0
CALPRE48,CALPRE48,Sparkling07X,-89.6997036,46.0086459,wisconsin,R. Calcote,NA,6,0,125,7,31,7,29,6,36,338,18,2
